あたし,351
あなた,246
何,135
君,124
いま,102
今,100
つて,93
わたし,87
何処,86
此,84
全て,70
此処,64
空,63
貴方,62
誰,62
夢,61
言葉,56
今日,55
手,54
眼,52
嘘,51
泣い,47
世界,46
人生,46
これ,43
風,42
其,41
云う,39
命,39
愛し,38
知っ,37
本当,37
雲,37
待っ,36
僕,36
ひと,36
明日,34
なる,34
それ,33
瞬間,33
隠し,33
なっ,33
処,33
呼吸,32
前,32
人,31
ふ,31
實,31
キス,30
行か,30
がる,29
色,29
夏,29
指,29
行っ,29
行く,28
こっち,28
罠,28
愛す,28
まん中,28
雨,26
全部,26
ある,26
笑う,25
ツ,25
泣き,25
ち,25
どれ,24
花,24
目,24
壱,24
女,23
時,23
気,23
東京,23
海,23
生命,23
耳,23
私,22
姿勢,22
闇,22
咲い,22
理,22
彼,22
お願い,22
刹那,21
あっ,21
予定,21
夜,21
呼ぶ,21
お互い,21
立っ,21
要ら,21
止ん,21
りか,21
ダーリン,21
天,21
傍,21
ヤ,21
いく,21
間,20
なら,20
死ん,20
身,20
.,20
運命,20
なり,20
男,20
真実,19
未来,19
独り,19
髪,19
涙,19
あり,18
朝,18
知ら,18
期待,18
関係,18
望ん,18
僕ら,18
立つ,18
心,17
ひとり,17
愛,17
頭,17
笑っ,17
許し,17
口,16
意味,16
最後,16
ひとつ,16
歌う,16
只,16
店,16
素顔,16
氣,16
光,16
望み,16
蝉,16
いのち,16
しまっ,16
成,16
努力,16
惑,16
草,16
黙っ,15
勿,15
下さい,15
判ら,15
気持ち,15
引い,15
尽くし,15
云わ,15
恐れ,15
飲み,14
憎む,14
條,14
侭,14
やっ,14
悔やん,14
出せ,14
そのもの,14
いつか,14
押し,14
流れ,14
むな,14
泳い,14
誘う,14
ボロボロ,14
視線,14
至上,14
取り,14
説明,14
顔,14
哭,14
泣か,14
識,14
呼ん,14
幾ら,14
哲学,14
誰か,14
落とし,14
片方,14
付い,14
写真,14
手錠,14
現実,14
ちゃえ,14
絶対,14
往く,14
一緒,14
昨日,14
瞑っ,14
ゃおうそしてぎゅっとしていてね,14
都会,14
あいし,14
±,14
ゃあないわ,14
旬,14
メロディー,14
仙人,14
吹い,14
クレマチス,14
思う,14
調達,14
現地,14
キ,14
奴,14
言い,14
かじかん,14
解き放て,14
呼ばわり,14
持つ,14
鼓動,14
雌,14
易々,14
待ち,14
子供,13
ゆく,13
しまう,13
置い,13
自分,13
切っ,13
つた,12
部屋,12
声,12
恐怖,12
理由,12
輝き,12
音,12
馨,11
すべて,11
やる,11
大人,11
云え,11
知る,11
後ろ,11
彼方,11
ちゃう,11
ちゃっ,11
通り,11
云,11
行け,11
思わ,11
瞳,11
盗ん,11
頂戴,11
其処,11
守る,11
永遠,10
満たさ,10
探し,10
知り,10
キミ,10
儘,10
乾く,10
合,10
彼ら,10
最初,10
黄色,10
皆,9
似合う,9
頬,9
限定,9
傷,9
気分,9
芝居,9
がっ,9
違う,9
証,9
とこ,9
是,9
肺,9
答え,9
果て,9
匂,9
やり,9
足,9
やつ,9
如何,9
人間,9
砂,9
遊び,9
初め,9
内緒,9
済む,9
先,9
っ,9
少女,9
日本,9
覚醒,9
ちゃい,9
致し,9
人混み,9
合図,9
季節,9
ビル,9
映ら,9
振り返る,9
丸,9
かじかむ,9
此方,9
町,9
別れ,9
水面,9
戴く,9
二つ,9
邪魔,9
充たし,9
影,9
云い,9
余り,9
唯一,9
喜ぶ,9
一番,9
自ら,9
道具,9
下がり,9
秋,9
昔,8
持た,8
一つ,8
肌,8
還ら,8
機械,8
月,8
鍵,8
陽,8
叱っ,8
毒,8
子,8
庭,8
微笑,8
わらっ,8
穴,8
たつ,8
位,8
奪う,8
行,8
見付から,8
電話,8
名,8
神経,8
ハート,8
言う,8
女王,8
溜息,8
お前,8
壊し,8
有り,8
帰る,8
相殺,8
敵,8
腕,8
還し,8
タイプ,8
赤色,8
追っ,8
歴史,8
扉,8
味,8
約束,8
喜び,8
使う,8
相反,8
行き,8
気付か,8
灯,8
ここ,8
感度,8
まなこ,8
この世,7
笑お,7
うか,7
真っ直中,7
夜明け,7
星空,7
哭く,7
夜鷹,7
昇り,7
湿っ,7
大地,7
蒸し,7
散り,7
切る,7
陸,7
抱合,7
咲き,7
草木,7
坂,7
途中,7
朝日,7
上がり,7
叫べ,7
昼,7
泪,7
逆さ,7
残り,7
測っ,7
確,7
最期,7
折,7
使い果たす,7
今生,7
想い,7
奪わ,7
殺す,7
痛み,7
終,7
揺すっ,7
紛らわす,7
地球,7
突撃,7
だせ,7
逆転,7
走り,7
体,7
まぶた,7
丈,7
喰い,7
死ぬ,7
空っぽ,7
還ろ,7
打ち勝つ,7
焦燥,7
呑込,7
斃,7
終わる,7
動物,7
華奢,7
睫毛,7
見抜い,7
思想,7
向い,7
踵,7
へばり,7
美人,7
斜め,7
唇,7
生態,7
女子高,7
動い,7
制服,7
シド・ヴィシャス,7
泳ぐ,7
届か,7
現代,7
アナーキー,7
通し,7
守り,7
いとわ,7
苦労,7
燃やす,7
エナジイ,7
汲ん,7
愛さ,7
進,7
ネオウィッス,7
挨拶,7
佞,7
依頼,7
譲り,7
才,7
悲哀,7
期間,7
疾走,7
青梅,7
恋,7
暇,7
届き,7
塀,7
逸らし,7
突刺す,7
純情,7
抗力,7
引き合え,7
ふたり,7
体温,7
点っ,7
安らぎ,7
止まっ,7
熱情,7
罪科,7
疑い,7
勝ち取っ,7
結ば,7
憂う,7
苦しみ,7
かな,7
実感,7
続い,7
映画,7
貸し,7
随所,7
デート,7
杭,7
不適切,7
素面,7
ゴキゲン,7
作っ,7
目指し,7
うそ,7
保っ,7
愛し合う,7
相,7
変わら,7
剣呑,7
仕舞っ,7
殺意,7
合法,7
晴,7
起き上がる,7
描い,7
別,7
人種,7
窓,7
はじめ,7
思い込ん,7
つき,7
本物,7
戻ら,7
解っ,7
描く,7
欲望,7
区別,7
つか,7
切ら,7
射て,7
波,7
歩く,7
殺さ,7
跪い,7
寄り掛かる,7
あろ,7
ほっぺた,7
透き通る,7
雨垂れ,7
思い出そ,7
受話,7
今頃,7
実在,7
効か,7
探し出す,7
巧,7
いお,7
菓子,7
鋏,7
本望,7
湯呑,7
勘定,7
蟲歯,7
立て,7
撃て,7
切り裂い,7
敬,7
去れ,7
歇,7
日の出,7
惡,7
吐け,7
引き,7
摺,7
歩き,7
伸ばし,7
振り向く,7
色彩,7
洋,7
盃,7
働い,7
まめ,7
留守番,7
道路,7
飲む,7
壜,7
時計,7
凝視,7
廻,7
急ぎ足,7
蜂,7
幾度,7
繰り,7
微塵,7
常,7
待て,7
伏せ,7
逝け,7
病む,7
嗅げ,7
訪れ,7
覚悟,7
芳醇,7
壽,7
勝訴,7
當,7
品位,7
事,7
負け,7
認,7
むる,7
諷刺,7
通り雨,7
菩薩,7
配置,7
記号,7
模範,7
模倣,7
續,7
營,7
追い付こ,7
思っ,7
気に入っ,7
洗脳,7
真似,7
赦さ,7
無二,7
方法,7
みんな,7
ひみ,7
すん,7
本音,7
陰謀,7
憑,7
流行,7
美化,7
平成,7
時代,7
いまどき,7
偶像,7
茶化さ,7
生身,7
曝露,7
さらし,7
妬い,7
次第,7
主役,7
最優秀,7
受賞,7
化石,7
生かし,7
貰い,7
埃,7
繋がっ,7
逃がし,7
何時,7
褒めそやし,7
崩さ,7
噂,7
意志,7
こころ,7
敬っ,7
融かし,7
白ん,7
変っ,7
浮沈,7
うつる,7
ナンバーワン,7
番号,7
エントリー,7
弐度,7
悦び,7
芽吹い,7
魘,7
進ま,7
逝き,7
超弩級,7
ちょうどきゅう,7
ミサイル,7
逸,7
黙,7
現し,7
瞬時,7
混沌,7
カオス,7
秩序,7
コスモス,7
色付か,7
トップ,7
バリュー,7
ドライブ,7
破壊,7
建設,7
育つ,7
蒔い,7
試さ,7
近付い,7
秒読み,7
初期,7
おぼろ,7
退く,7
喩,7
合理,7
両方,7
迷っ,7
断ち切り,7
塔,7
ドアー,7
裁か,7
悴,7
なれ,7
絡み付い,7
縄,7
解,7
ほどく,7
灰,7
執着,7
どなた,7
放た,7
調和,7
鳴い,7
猫,7
馴らさ,7
ポケット,7
誂,7
夕暮,7
飼い,7
ナイ,7
ため息,7
掴ん,7
胸,7
クモ,7
木,7
枯,7
境目,7
シカ,7
賑わう,7
駅前,7
資格,7
縫っ,7
追越す,7
脚,7
絡まる,7
やりなおさ,7
イキテユク,7
制限,7
勝負,7
背,7
汗ばん,7
恥じらっ,7
ホーム,7
中目黒,7
変わっ,7
都合,7
砂場,7
在り,7
滑り,7
脈絡,7
機嫌,7
詮索,7
場所,7
導い,7
フクジュー,7
退,7
すべら,7
服従,7
許さ,7
喚き,7
こだわっ,7
ナニカシラヘノ,7
右,7
滑り台,7
見送っ,7
記憶,7
戦地,7
羨ん,7
成っ,7
到来,7
喚い,7
イル,7
居,7
イキヲシテ,7
アナタ,7
わ,7
身体,7
轍,7
思い出し,7
爪,7
四月,7
だれ,7
コートニー,7
カート,7
撮り,7
繕っ,7
無理矢理,7
太陽,7
髪の毛,7
想っ,7
疑っ,7
いたずら,7
徒,7
行く先,7
寝転ん,7
線路,7
クラスメイト,7
魚の目,7
付く,7
人波,7
地図,7
手一杯,7
青,7
ジャニス・イアン,7
狂っ,6
ぢ,6
欲,6
云っ,6
変わり,6
正体,6
今朝,6
謂,6
金色,6
エナメル,6
本,6
鳥,6
光っ,6
色目,6
圖,6
映し,6
白,6
外,6
息,6
歓楽街,6
返し,6
富,6
水,6
汚さ,6
似合,6
あんた,6
新宿,5
遊戯,5
日々,5
唄,5
ヒト,5
映る,5
実,5
温度,5
剥い,5
匂い,5
注い,5
多く,5
渡,5
ベンジー,5
毎晩,5
さっき,5
噫,4
毎日,4
浮世,4
衝動,4
合う,4
騒ぎ,4
仏,4
神様,4
南無阿弥陀仏,4
答,4
クナヨ,4
動かし,4
成り,4
イーヴン,4
味わっ,4
逢っ,4
吐,4
皺,4
もどら,4
窓辺,4
それぞれ,4
願望,4
気配,4
ゆき,4
さまよう,4
罰,4
堕落,4
喰らい,4
好み,4
オレ,4
谺,4
想う,4
立ち止まる,4
心中,4
喚く,4
願う,4
誘い出し,4
貰う,4
価値,4
イッ,4
行為,4
護る,4
背中,4
度,4
フォン,4
笑顔,4
ヘッド,4
ほんとう,4
黒,4
木々,4
違,4
一時,4
ひつ,4
窺,4
顔色,4
真赤,4
娘,4
變,4
置き,4
取,4
銘酒,4
互,4
揺,4
意,4
ゆる,4
燃,4
在る,4
興味,4
仰い,4
堪ん,4
お眼鏡,4
塗,4
星,4
混紡,4
まう,4
蕩,4
正面,4
姿,4
殺し,4
片付い,4
完成,4
らん,4
現在,4
;,4
本性,4
依,4
鎚,4
根源,4
飛ん,3
文明,3
帰り,3
眼差し,3
潤ん,3
乾い,3
従服,3
相手,3
何方,3
笑,3
彷徨,3
流し,3
名前,3
宵闇,3
街,3
今夜,3
あと,3
成長,3
笑み,3
支配,3
照らさ,3
つい,3
慾,3
好か,3
吐い,3
呟く,3
油,3
家,3
哀しみ,3
結び目,3
側,3
うに,3
驚き,3
忘,3
器官,3
意識,3
なに,3
殴っ,3
グレッチ,3
寝息,3
彼女,3
ピザ,3
寝具,3
結婚,3
僧,3
逢,3
将来,3
渋滞,3
車,3
選択,3
情景,3
羞恥心,2
ねだる,2
品川,2
埠頭,2
沈ん,2
明け,2
差し,2
病気,2
甲州,2
街道,2
ロゴ,2
激化,2
矛盾,2
惑う,2
シャーベッツ,2
並べ,2
レッグカフ・・・,2
頷く,2
聴く,2
天鵞絨,2
ビロード,2
翻弄,2
状態,2
過程,2
嘲笑,2
わらう,2
戦う,2
ひたい,2
伸ばす,2
花菱,2
現,2
振り返,2
隙,2
変,2
はり,2
来さ,2
待ち望む,2
キー,2
冷凍庫,2
やい,2
ちよ,2
お母様,2
戸,2
幼児,2
隠す,2
指先,2
金,2
朱色,2
憤,2
迷彩,2
含嗽,2
ポロネーズ,2
無実,2
罪,2
蕾,2
酸化,2
祈,2
陶酔,2
我,2
綿,2
咲か,2
未遂,2
眠ら,2
貳,2
御覧,2
騙し,2
貰,2
ふよ,2
膨,2
むでゆく,2
衣,2
纏,2
ひし,2
覆し,2
携,2
法,2
語呂,2
反抗,2
用,2
思春,2
慕,2
苦痛,2
軈,2
持て,2
成れ,2
幾つ,2
右手,2
惹か,2
入り,2
仕様,2
遺伝子,2
握る,2
光合成,2
呼べ,2
有れ,2
舞踏,2
澱ん,2
過去,2
拡がっ,2
揺らい,2
判っ,2
包,2
くるん,2
出会う,2
ピアノ,2
揃っ,2
彩色,2
同士,2
愛し合っ,2
赤,2
果敢,2
明け方,2
火照っ,2
若葉,2
黙ら,2
翳っ,2
籠る,2
温もり,2
噫世,2
出会そ,2
所為,2
藍,2
通わ,2
淀む,2
言の葉,2
焦がし,2
要り,2
出合う,2
走っ,2
果実,2
蜜,2
残し,2
騙さ,2
彩,2
ゃ,2
色眼鏡,2
溶かし,2
敢,2
滲ま,2
判る,2
モノクロ,2
濃度,2
一端,2
開拓,2
無色,2
別れ際,2
咲,2
万代,2
不易,2
すかし,2
ゃんせさあ,2
ゃんせ,2
分別,2
進歩,2
反比例,2
いつ,2
泳ぎ,2
回る,2
セックス,2
嫉妬,2
け,2
仕掛け,2
割り,2
広告,2
捏造,2
金儲け,2
邪心,2
絶望,2
どっち,2
取り乱し,2
秘密,2
剥がし,2
釣り,2
餌,2
手前,2
誇張,2
自我,2
鏡,2
干上がっ,2
苦悩,2
事実,2
小説,2
奇,2
我が身,2
疎通,2
伍,2
休憩,2
接吻,2
瞬き,2
不在,2
戴い,2
拾,2
ただ,2
嘆こ,2
快感,2
悔やも,2
キャスト,2
本位,2
掛け替え,2
みな,2
ハイライト,2
今宵,2
果,2
無言,2
シーン,2
出会す,2
癒す,2
鎖骨,2
皿,2
護ら,2
抱擁,2
陽射し,2
魔法,2
取って置き,2
はれ,2
母親,2
往き,2
虚構,2
失っ,2
弐拾,2
矢,2
代わり,2
取る,2
聴き,2
恍惚,2
抜かす,2
鋭利,2
血液,2
日向,2
強請,2
生る,2
疲れ,2
祈ろ,2
いも,2
真,2
望も,2
演出,2
音楽,2
晴れ,2
手放す,2
利く,2
澄ませ,2
隣,2
芝,2
睡る,2
包む,2
ガーゼ,2
羂自,2
裏切る,2
限る,2
ありあまる,2
召し上がっ,2
そこ,2
日時計,2
地,2
孕ん,2
濕,2
世,2
堪,2
悲劇,2
流す,2
飛交う,2
批評,2
自己,2
実現,2
図り,2
戸惑う,2
嘆い,2
失,2
誤魔化し,2
描か,2
妬む,2
壊す,2
天神,2
行交う,2
大半,2
注目,2
映さ,2
探す,2
躯,2
かなしみ,2
表し,2
濡らし,2
瞼,2
よろこび,2
映す,2
晒さ,2
唯,2
コダマ,2
急い,2
コヱ,2
化粧,2
メイク,2
フェイス,2
シャドウ,2
奥,2
玉虫色,2
イッツ・ショウ・タイム,2
晒す,2
未知,2
実り,2
招待,2
特徴,2
移ろ,2
調子,2
コンディション,2
変貌,2
ハヤッ,2
コイ,2
服,2
ドレス,2
イビツ,2
曲線,2
カーブ,2
科学,2
素,2
人形,2
人魚,2
フリ,2
察し,2
裸,2
素材,2
造っ,2
会っ,2
ハヤら,2
感傷,2
誘,2
代用,2
プロデューサー,2
個性,2
買い,2
この間,2
延長線,2
交わら,2
線上,2
トワ,2
椅子,2
もた,2
夕陽,2
横顔,2
漂わ,2
あて,2
むけ,2
ドア,2
隙間,2
しのび,2
込む,2
ランプ,2
灯せ,2
沈み,2
壁,2
靴音,2
防ぐ,2
害,2
聞く,2
浮かぶ,2
九十九里浜,2
祖母,2
ママ,2
煙草,2
生き写し,2
果物,2
毎週,2
金曜日,2
暮らす,2
栄,2
肩書き,2
売る,2
同情,2
失う,2
東口,2
歌舞伎町,2
なりゃ,2
藻,2
掻く,2
可愛がっ,2
今度,2
逢う,2
コート,2
理解,2
ミルク,2
茶色,2
コーヒー,2
挟ん,2
様子,2
中庸,2
バランス,2
梅,2
散る,2
午後,2
擦り,2
引く手,2
加減,2
交わし,2
淡色,2
香り,2
見透かし,2
強がり,2
精一杯,2
証拠,2
五臓六腑,2
留,2
酔,2
呑ま,2
眠り,2
狸寝入り,2
おくれ,2
幽霊,2
塩,2
ナマ,2
生き血,2
這,2
つくば,2
煙幕,2
張れ,2
小火,2
交互,2
上前,2
ハネ,2
世間,2
狡,2
キナ,2
浮き世,2
色めき,2
奴等,2
面白,2
一等,2
胸騒ぎ,2
たい,2
善がり,2
地獄,2
淵,2
突き落とし,2
繰返さ,2
諸行無常,2
よみ,2
冷凍,2
都市,2
暮らし,2
行方,2
彼奴,2
眩ま,2
天下,2
幕,2
切り,2
割く,2
仮初,2
まくら,2
誠,2
誓い,2
大概,2
たいがい,2
目眩,2
めくるめい,2
菖蒲,2
あやめ,2
初心,2
かり,2
喰っ,2
喰わ,2
さ,2
相応,2
茶番,2
粧,2
めかし,2
込ん,2
色男,2
幕ノ内,2
添い,2
帰ら,2
利き,2
冗談,2
テレビ,2
各々,2
果たさ,2
繋が,2
済ん,2
気紛れ,2
今更,2
急かし,2
中,2
入っ,2
突き,2
けし,2
おとど,2
ください,2
リモコン,2
空い,2
怖がら,2
たま,2
ラク,2
堪ら,2
嗚咽,2
無重力,2
裂い,2
磨い,2
冒さ,2
洗っ,2
俺,2
つくり,2
香っ,2
台詞,2
偶,2
クリーム,2
夕焼け,2
ジッポ,2
口走,2
茶店,2
階段,2
カメラ,2
走る,2
問う,2
ベース,2
繋い,2
利い,2
訳,2
時めき,2
ファズ,2
許す,2
降り注ぐ,2
忌ま,2
退屈,2
専念,2
吐き,2
だ液,2
排出,2
物質,2
まし,2
麻薬,2
まやかし,2
脳,2
カーテン,2
空色,2
渡る,2
引き攣っ,2
夕暮れ,2
為す,2
群れ,2
蔑ん,2
昼過ぎ,2
地面,2
灰色,2
アイルランド,2
喪,2
揺れ,2
邊,2
沈む,2
交差点,2
飾ら,2
モンテスキュー,2
肯定,2
終電,2
輝い,2
此の世,2
聴い,2
ニス,2
ジャ,2
コントラスト,2
曇り,2
此の先,2
後楽園,2
税理士,2
書い,2
領収,2
盛者,2
銀座,2
トリップ,2
映っ,2
お金,2
商売,2
ラット,2
達し,2
絶頂,2
居れ,2
マーシャル,2
入社,2
報酬,2
レヴェル,2
騒い,2
数,2
布,2
デイストオシオン,2
仕草,2
首,2
劣っ,2
見破ら,2
疑念,2
洗い立て,1
馨っ,1
カシス,1
染まっ,1
粘膜,1
葡萄,1
口唇,1
グラス,1
戴き,1
位置づけ,1
属,1
隷,1
興行,1
平伏す,1
場合,1
有る,1
他人,1
巻い,1
くだ,1
蜷,1
嵐,1
去っ,1
静けさ,1
良人,1
家内,1
大口,1
話そ,1
作り,1
なおす,1
何奴,1
迷え,1
脱兎,1
戸外,1
失態,1
葬る,1
眠,1
ろう,1
飾ろ,1
訊か,1
立,1
我がまま,1
さら,1
口上,1
慎め,1
怒っ,1
並行,1
リッケン,1
持っ,1
御茶の水,1
付か,1
なげい,1
費やし,1
生涯,1
呑ん,1
事情,1
こちら,1
あっち,1
矛,1
最近,1
盾,1
警官,1
国境,1
薬,1
必衰,1
薔薇色,1
トク,1
よろこん,1
就い,1
投資,1
初回,1
鞭撻,1
がた,1
組み,1
しらす,1
乗り込み,1
思惑,1
仕合わせ,1
噛ん,1
熟,1
充足,1
池袋,1
止め,1
つながる,1
一体,1
天職,1
頑張っ,1
いずれ,1
浮かば,1
･･,1
マイク,1
狙っ,1
獲物,1
逃さ,1
.」,1
隠居,1
沈黙,1
のさ,1
攫,1
水密桃,1
未練,1
時間,1
次元,1
間に合わ,1
生活,1
知,1
境界,1
澱む,1
決心,1
掛かる,1
岸壁,1
打つ,1
後悔,1
濤,1
凍る,1
混凝,1
あやかり,1
愛情,1
模,1
修正,1
ペン,1
現状,1
繕,1
素肌,1
傍観,1
徹し,1
感慨,1
雷雨,1
仰ぐ,1
メロディ,1
口ずさむ,1
口走る,1
おさらば,1
ずらかり,1
歩み,1
暴走,1
橙色,1
止まら,1
衰,1
ナイフ,1
孰,1
しく,1
見境,1
徐,1
希望,1
回避,1
おけ,1
弁護,1
マシン,1
與,1
予感,1
事象,1
納豆,1
グリコ,1
ゲン,1
幻視,1
地下鉄,1
レール,1
とり,1
ボトムス,1
似合わ,1
微笑む,1
ひと足,1
あらう,1
連な,1
鍛,1
むでゐやうと,1
表情,1
キツ,1
歩い,1
染まり,1
聞き,1
つぶっ,1
襲来,1
強敵,1
ベル,1
高速,1
低速,1
真理,1
条理,1
憤慨,1
曜日,1
思い,1
関心,1
辻褄,1
合い,1
営ん,1
操作,1
コントロール,1
颯爽,1
生き方,1
し,1
醒まし,1
東西線,1
降ろし,1
辿り,1
首筋,1
嫌う,1
濡らさ,1
出し,1
付き,1
まつ,1
換,1
天気,1
予報,1
高揚,1
溜め息,1
消耗,1
失くなり,1
招き,1
土,1
香,1
向日葵,1
迎,1
絵画,1
尽くす,1
留め,1
ニュース,1
合間,1
弦,1
爪弾け,1
思え,1
結っ,1
電車,1
悲しみ,1
握り,1
想,1
蓮華,1
咲く,1
柑子,1
実ら,1
憎しみ,1
光景,1
睨み,1
魂,1
解く,1
寝顔,1
許,1
球体,1
探り,1
直し,1
遭え,1
幸運,1
繋ぎ,1
造る,1
酒,1
有っ,1
過ごし,1
要領,1
硬貨,1
対話,1
演技,1
湧か,1
オンナ,1
オトコ,1
わかっ,1
眉根,1
徒党,1
組ん,1
太っ,1
トキ,1
芯,1
筋,1
コトバ,1
毎度,1
根,1
微笑ん,1
使い切っ,1
極み,1
嫌わ,1
向かい風,1
乾杯,1
独りぼっち,1
同志,1
糧,1
モノ,1
造形,1
成す,1
前髪,1
澤山,1
もつ,1
問い質し,1
冒涜,1
突き放す,1
天才,1
偏旁,1
異なる,1
嫌い,1
殺し文句,1
追い払う,1
讃,1
賞,1
技,1
癒そ,1
凌い,1
任そ,1
理性,1
等閑,1
付き纏う,1
空虚,1
労働,1
品,1
もらお,1
恵ん,1
渇い,1
喉,1
満たそ,1
犠牲,1
お腹,1
死に,1
骨身,1
歓び,1
故郷,1
川,1
山,1
.…,1
留守,1
守備,1
部隊,1
出逢っ,1
目線,1
押し通し,1
あんなに,1
ブラウス,1
帽子,1
床,1
散らばっ,1
虚,1
貼り,1
此の際,1
カツァリス,1
見つから,1
リフレイン,1
騒,1
さい,1
アコギ,1
イン,1
トロ,1
おしり,1
はたらく,1
終わり,1
びになってどうぞおすきなように,1
はな,1
さかす,1
にあい,1
あけび,1
ひらい,1
あ,1
だまっ,1
ふい,1
かお,1
じき,1
もみ,1
ふゆ,1
みつ,1
カテゴライズ,1
劣等,1
げん,1
わかり,1
おっしゃる,1
りんご,1
みか,1
めし,1
つみ,1
かじ,1
罵倒,1
夕日,1
ツアー,1
逢わ,1
没頭,1
左派,1
吾,1
ハ,1
駝鳥,1
捕,1
デトロイト,1
ラヴァー,1
ライター,1
誘惑,1
編む,1
女子,1
鬼,1
無心,1
跋語,1
ミファ,1
美肌,1
飛び,1
利,1
柳眉,1
仏徒,1
寝坊,1
受難,1
バッハ,1
廃,1
鼻唄,1
欠落,1
擬,1
解い,1
紐,1
お互い様,1
開か,1
偏執,1
敗北,1
酸素,1
